	method	nucleotide	nucleotide mutation	window start	window end	guide length	PAM	PAM position	distance of mutation from PAM: minimum	distance of mutation from PAM: maximum	distance of codon start from PAM: minimum	distance of codon start from PAM: maximum
0	BE1	C	T	4	8	20	NGG	down	13	17	13	19
1	BE2	C	T	4	8	20	NGG	down	13	17	13	19
2	BE3	C	T	4	8	20	NGG	down	13	17	13	19
3	HF-BE3	C	T	4	8	20	NGG	down	13	17	13	19
4	BE4/BE4max	C	T	4	8	20	NGG	down	13	17	13	19
5	BE4-Gam	C	T	4	8	20	NGG	down	13	17	13	19
6	YE1-BE3	C	T	5	7	20	NGG	down	14	16	14	18
7	EE-BE3	C	T	5	6	20	NGG	down	15	16	15	18
8	YE2-BE3	C	T	5	6	20	NGG	down	15	16	15	18
9	YEE-BE3	C	T	5	6	20	NGG	down	15	16	15	18
10	VQR-BE3	C	T	4	11	20	NGAN	down	10	17	10	19
11	VRER-BE3	C	T	3	10	20	NGCG	down	11	18	11	20
12	SaBE3	C	T	3	12	21	NNGRRT	down	10	19	10	21
13	SaBE4	C	T	3	12	21	NNGRRT	down	10	19	10	21
14	SaBE4-Gam	C	T	3	12	21	NNGRRT	down	10	19	10	21
15	SA(KKH)-BE3	C	T	3	12	21	NNNRRT	down	10	19	10	21
16	Cas12a-BE	C	T	10	12	23	TTTV	up	10	12	12	12
17	Target-AID	C	T	2	4	20	NGG	down	17	19	17	21
18	Target-AID	C	T	2	4	20	NG	down	17	19	17	21
19	xBE3	C	T	4	8	20	NG	down	13	17	13	19
20	eA3A-BE3	C	T	4	8	20	NGG	down	13	17	13	19
21	A3A-BE3	C	T	4	8	20	NGG	down	13	17	13	19
22	BE-PLUS	C	T	4	14	20	NGG	down	7	17	7	19
23	ABE7.9	A	G	5	8	20	NGG	down	13	16	13	18
24	ABE7.10	A	G	4	7	20	NGG	down	14	17	14	19
25	ABE7.10*	A	G	4	8	20	NGG	down	13	17	13	19
26	ABESa	A	G	6	12	21	NNGRRT	down	10	16	10	18
27	VQR-ABE	A	G	4	6	20	NGA	down	15	17	15	19
28	VRER-ABE	A	G	4	6	20	NGCG	down	15	17	15	19
29	Sa(KKH)-ABE	A	G	6	12	21	NNNRRT	down	10	16	10	18
