method	nucleotide	nucleotide mutation	strand	distance of mutation from PAM: maximum	distance of mutation from PAM: minimum	distance of codon start from PAM: maximum	distance of codon start from PAM: minimum
ABE	A	G	+	17	13	19	13
ABE	T	C	-	17	13	19	13
Target-AID	C	T	+	19	17	21	17
Target-AID	G	A	-	19	17	21	17
Target-AID yeast	C	T	+	19	17	21	17
Target-AID yeast	C	G	+	19	17	21	17
Target-AID yeast	G	A	-	19	17	21	17
Target-AID yeast	G	C	-	19	17	21	17
hypothetical CtoG	C	G	+	18	15	20	15
hypothetical CtoG	G	C	-	18	15	20	15
hypothetical GtoT	G	T	+	18	15	20	15
hypothetical GtoT	C	A	-	18	15	20	15
hypothetical TtoG	T	G	+	18	15	20	15
hypothetical TtoG	A	C	-	18	15	20	15
hypothetical AtoT	A	T	+	18	15	20	15
hypothetical AtoT	T	A	-	18	15	20	15
