	PAM	position	guide length	Description
0	NG	down	20	undefined
1	NGA	down	20	Cas9 S. Pyogenes mutant VQR
2	NGCG	down	20	Cas9 S. Pyogenes mutant VRER
3	NGG	down	20	Sp Cas9 SpCas9-HF1 eSpCas9 1.1
4	NGGNG	down	20	Cas9 S. Thermophilus
5	NGK	down	20	xCas9 only high efficiency PAMs
6	NGN	down	20	xCas9
7	NNAGAA	down	20	Cas9 S. Thermophilus
8	NNGRRT	down	21	Cas9 S. Aureus
9	NNNNACA	down	20	Campylobacter jejuni
10	NNNNGMTT	down	20	Cas9 N. Meningitidis
11	NNNRRT	down	21	KKH SaCas9
12	TATV	up	23	As-Cpf1 K548V 
13	TTN	up	23	Cpf1 F. Novicida
14	TTTN	up	23	Cpf1 Acidaminococcus / Lachnospiraceae 
15	TYCV	up	23	TYCV As-Cpf1 K607R 
