method	nucleotide	nucleotide mutation	window start	window end	guide length	PAM	PAM position	distance of mutation from PAM: minimum	distance of mutation from PAM: maximum
BE1	C	T	4	8	20	NGG	down	13	17
BE2	C	T	4	8	20	NGG	down	13	17
BE3	C	T	4	8	20	NGG	down	13	17
HF-BE3	C	T	4	8	20	NGG	down	13	17
BE4/BE4max	C	T	4	8	20	NGG	down	13	17
BE4-Gam	C	T	4	8	20	NGG	down	13	17
YE1-BE3	C	T	5	7	20	NGG	down	14	16
EE-BE3	C	T	5	6	20	NGG	down	15	16
YE2-BE3	C	T	5	6	20	NGG	down	15	16
YEE-BE3	C	T	5	6	20	NGG	down	15	16
VQR-BE3	C	T	4	11	20	NGAN	down	10	17
VRER-BE3	C	T	3	10	20	NGCG	down	11	18
SaBE3	C	T	3	12	21	NNGRRT	down	10	19
SaBE4	C	T	3	12	21	NNGRRT	down	10	19
SaBE4-Gam	C	T	3	12	21	NNGRRT	down	10	19
SA(KKH)-BE3	C	T	3	12	21	NNNRRT	down	10	19
Cas12a-BE	C	T	10	12	23	TTTV	up	10	12
Target-AID	C	T	2	4	20	NGG	down	17	19
Target-AID	C	T	2	4	20	NG	down	17	19
xBE3	C	T	4	8	20	NG	down	13	17
eA3A-BE3	C	T	4	8	20	NGG	down	13	17
A3A-BE3	C	T	4	8	20	NGG	down	13	17
BE-PLUS	C	T	4	14	20	NGG	down	7	17
ABE7.9	A	G	5	8	20	NGG	down	13	16
ABE7.10	A	G	4	7	20	NGG	down	14	17
ABE7.10*	A	G	4	8	20	NGG	down	13	17
ABESa	A	G	6	12	21	NNGRRT	down	10	16
VQR-ABE	A	G	4	6	20	NGA	down	15	17
VRER-ABE	A	G	4	6	20	NGCG	down	15	17
Sa(KKH)-ABE	A	G	6	12	21	NNNRRT	down	10	16
